id,first_name,last_name,email,company,job_title,unversity
1,Raynard,Fumagalli,rfumagalli0@arizona.edu,Bubblebox,Account Coordinator,Dominican School of Philosophy and Theology
2,Grover,Mouth,gmouth1@nationalgeographic.com,Innojam,Electrical Engineer,Nankai University
3,Bertram,Coche,bcoche2@desdev.cn,Browsecat,Senior Cost Accountant,Tokyo Medical and Dental University
4,Guendolen,D'Hooge,gdhooge3@boston.com,Photolist,Administrative Officer,Hebei Medical University
5,Dyann,Couroy,dcouroy4@ucoz.ru,Livefish,Project Manager,Centro de Enseñanza Técnica Industrial
6,Antonina,Vasentsov,avasentsov5@blogs.com,Blogtag,Pharmacist,Universitas Islam Bandung
7,Fletch,Tofanelli,ftofanelli6@cnbc.com,Trudeo,Compensation Analyst,Suez Canal University
8,Bernardina,Castella,bcastella7@dedecms.com,Feedbug,Librarian,Xinjiang Agriculture University
9,Thain,Keetley,tkeetley8@soundcloud.com,Omba,Structural Analysis Engineer,Mangalore University
10,Burty,Markus,bmarkus9@storify.com,Topiclounge,Technical Writer,Lake Superior State University
11,Renado,Talby,rtalbya@mapy.cz,Realbridge,Librarian,National University of Lesotho
12,Lorrayne,Corless,lcorlessb@npr.org,Yakidoo,Software Engineer I,University of Bihac
13,Willy,Platts,wplattsc@a8.net,Mita,Biostatistician II,Istanbul Ticaret University
14,Patrizius,Riddock,priddockd@aol.com,Kwinu,Web Designer III,Universidade de Lisboa
15,Griselda,Hoggetts,ghoggettse@intel.com,Jaxbean,Project Manager,Turkish Military Academy
16,Dulcie,Gever,dgeverf@amazonaws.com,Vinte,Business Systems Development Analyst,Nanjing University of Posts and Telecommunications
17,Ines,Milkin,imilking@mac.com,Mynte,Chemical Engineer,"Free University ""Maria Santissima Assunta"""
18,Brenn,Hedges,bhedgesh@naver.com,Trilith,Payment Adjustment Coordinator,Universidade Federal do Maranhão
19,Carolynn,Hawtry,chawtryi@meetup.com,Yakidoo,Web Designer I,Kitasato University
20,Kennedy,Gagin,kgaginj@thetimes.co.uk,Tagopia,Software Consultant,Florida International University
21,Olwen,Gutteridge,ogutteridgek@google.com.au,Divape,Research Nurse,Akwa Ibom State University of Technology
22,Dev,Trembath,dtrembathl@illinois.edu,Jayo,Recruiting Manager,Institut Supérieur de Gestion de Tunis
23,Mitchell,Fludder,mfludderm@creativecommons.org,Skipstorm,Geological Engineer,Mountain View College
24,Hakim,Pinhorn,hpinhornn@example.com,Tavu,Senior Financial Analyst,Suzuka University of Medical Science
25,Celine,Pantridge,cpantridgeo@liveinternet.ru,Jayo,Marketing Assistant,Water Resources University
26,Raphael,Laxen,rlaxenp@theatlantic.com,Yozio,Speech Pathologist,Universidad Dominicana O&M
27,Lilias,Sylvaine,lsylvaineq@marriott.com,Divape,Software Consultant,Universidad de Magallanes
28,Connor,Doget,cdogetr@soup.io,Thoughtworks,Senior Developer,The Global College Lahore
29,Tucky,Rosencrantz,trosencrantzs@netvibes.com,Jayo,Nuclear Power Engineer,Deccan College Postgraduate and Research Institute
30,Giorgia,Benbow,gbenbowt@aol.com,Realpoint,Software Engineer II,Hue University
31,Mireielle,Wimbush,mwimbushu@infoseek.co.jp,Edgewire,Actuary,University of Roorkee
32,Wyatt,Lippiett,wlippiettv@reuters.com,Babbleopia,Clinical Specialist,Kenya Methodist University
33,Arleyne,Rough,aroughw@taobao.com,Dabfeed,Programmer IV,Norwegian University of Sport and Physical Education
34,Alec,Duinkerk,aduinkerkx@wix.com,Lajo,Legal Assistant,Balochistan University of Information Technology & Management Sciences 
35,Robbyn,Rabl,rrably@yellowbook.com,Feedmix,Nurse Practicioner,Universitat Oberta de Catalunya
36,Matias,Thal,mthalz@eventbrite.com,Vinder,Environmental Specialist,Université de Technologie de Compiègne
37,Davina,Jarmaine,djarmaine10@stanford.edu,Tavu,Junior Executive,Northwestern College Iowa
38,Thoma,Earwaker,tearwaker11@newsvine.com,Jabbertype,Executive Secretary,Fachhochschule Aschaffenburg
39,Fowler,Kleeborn,fkleeborn12@mashable.com,Realbridge,Account Coordinator,Paine College
40,Wandie,Eborn,weborn13@noaa.gov,Kanoodle,VP Product Management,Universidad Tecnológica del Sur
41,Gwenore,Geggus,ggeggus14@prlog.org,Aimbu,Structural Analysis Engineer,Institut Catholique d'Arts et Métiers Lille
42,Papageno,Battabee,pbattabee15@icq.com,Agivu,Media Manager I,Instituto Superior de Assistentes e Intérpretes
43,Gerladina,Surby,gsurby16@house.gov,Riffpath,Statistician III,Bauman Moscow State Technical University
44,Griselda,Creggan,gcreggan17@jiathis.com,Edgeify,Physical Therapy Assistant,ICFAI University
45,Hardy,Leechman,hleechman18@foxnews.com,Jayo,Associate Professor,West Chester University of Pennsylvania
46,Kevan,Bothbie,kbothbie19@acquirethisname.com,Edgewire,Nuclear Power Engineer,Université des Sciences et Technologies de Lille (Lille I)
47,Luise,Tarpey,ltarpey1a@barnesandnoble.com,Browseblab,Senior Financial Analyst,St. Paul's College
48,Brina,Dumini,bdumini1b@google.it,Thoughtmix,Nurse Practicioner,Universidad San Juan de la Cruz
49,Kittie,Siggs,ksiggs1c@usatoday.com,Oba,Nurse Practicioner,Sri Chandrasekharendra Saraswathi Viswa Mahavidyalaya
50,Tamma,Bysouth,tbysouth1d@usa.gov,Kanoodle,Software Test Engineer I,Kangwon National University
51,Anstice,Whitchurch,awhitchurch1e@msn.com,Quinu,Sales Representative,Ecole Supérieure de Physique et de Chimie Industrielles
52,Muffin,Grioli,mgrioli1f@cyberchimps.com,Devcast,Staff Scientist,Conservatoire National des Arts et Métiers
53,Nikoletta,Seeney,nseeney1g@sphinn.com,Twiyo,Biostatistician II,University of Aizu
54,Philippa,Bartkowiak,pbartkowiak1h@ow.ly,Lajo,Health Coach II,Takestan Islamic Azad University
55,Rianon,Whitwell,rwhitwell1i@miibeian.gov.cn,Quinu,Registered Nurse,Brussels School of International Studies
56,Giorgi,Ternott,gternott1j@t-online.de,Fivespan,Project Manager,Saratov State Academy of Law
57,Lucie,Bodman,lbodman1k@un.org,Zoombeat,Professor,Shanghai Ocean University
58,Albertine,Mant,amant1l@msn.com,Thoughtblab,Junior Executive,Universidade Gama Filho
59,Kyrstin,Bolus,kbolus1m@mozilla.org,Jabberstorm,Financial Analyst,University of Tartu
60,Sibeal,Dew,sdew1n@vkontakte.ru,Riffwire,Computer Systems Analyst IV,Ho Chi Minh City University of Natural Sciences
61,Cherilyn,Rozec,crozec1o@mozilla.com,Jaxnation,Recruiting Manager,Brickfields Asia College
62,Inesita,Biasotti,ibiasotti1p@friendfeed.com,Nlounge,Editor,Zhongnan University of Technology
63,Hernando,Hutfield,hhutfield1q@indiatimes.com,Thoughtsphere,Civil Engineer,Université Catholique de Lille
64,Rebecca,McVane,rmcvane1r@zimbio.com,Latz,Senior Financial Analyst,Friedrich-Schiller Universität Jena
65,Floria,Vale,fvale1s@bbb.org,Aivee,Recruiter,Saba University
66,Nicko,Hinckley,nhinckley1t@live.com,Browseblab,Speech Pathologist,Aomori Chuoh Gakuin University
67,Matthiew,Sharple,msharple1u@sitemeter.com,Chatterbridge,Product Engineer,Mongolian State University of Education
68,Yehudit,Ashton,yashton1v@auda.org.au,Blogspan,Engineer IV,Instituto Tecnológico de Aguascalientes
69,Rad,Maasze,rmaasze1w@huffingtonpost.com,Yamia,Marketing Assistant,Northeastern State University
70,Margie,Laidel,mlaidel1x@soundcloud.com,Thoughtsphere,Automation Specialist III,University of Wolverhampton
71,Orren,MacCosto,omaccosto1y@usnews.com,Fliptune,VP Accounting,Nagaland University
72,Dominik,De Angelis,ddeangelis1z@si.edu,Zoonder,Marketing Manager,Texas Christian University
73,Karlens,Golt,kgolt20@buzzfeed.com,Katz,Desktop Support Technician,Shanghai Ocean University
74,Kim,Windless,kwindless21@dyndns.org,Skyvu,Legal Assistant,Metropolitan University
75,Kristen,Maciak,kmaciak22@wikipedia.org,Edgewire,Actuary,American Film Institute Center for Advanced Film and Television Studies
76,Annemarie,Mateu,amateu23@oracle.com,Quatz,Research Nurse,Presidency University
77,Eloise,Bedome,ebedome24@unc.edu,Dynava,Computer Systems Analyst II,Ecole Nationale Supérieure de Physique de Grenoble
78,Shellysheldon,Grainge,sgrainge25@yellowpages.com,Browsecat,Graphic Designer,Angkor University
79,Waylan,Allett,wallett26@icq.com,Eimbee,Chief Design Engineer,Medizinische Universität Wien
80,Bradney,Kildahl,bkildahl27@sphinn.com,Roodel,General Manager,University of Lecce
81,Sax,Canizares,scanizares28@unesco.org,Brainsphere,Help Desk Technician,Universidad Central
82,Haskel,Stockhill,hstockhill29@sitemeter.com,Mydo,Operator,Universidade Federal de Viçosa
83,Bettina,Jennery,bjennery2a@a8.net,Babbleset,Actuary,Lewis-Clark State College
84,Kelsey,Clowsley,kclowsley2b@archive.org,Topiczoom,Assistant Professor,William and Catherine Booth College
85,Glenden,Mamwell,gmamwell2c@intel.com,Muxo,Programmer I,Bankura University
86,Inglis,Burchess,iburchess2d@clickbank.net,Mycat,Software Consultant,Universiti Sains Malaysia
87,Lenette,Guiu,lguiu2e@dagondesign.com,Ooba,Sales Representative,Saginaw Valley State University
88,Gino,Espinoy,gespinoy2f@answers.com,Podcat,Associate Professor,"Institute of Teachers Education, Sultan Abdul Halim"
89,Ramon,Genery,rgenery2g@epa.gov,Kayveo,Mechanical Systems Engineer,"NGO Vladikavkaz Institute of Economics, Management, and Law"
90,Jessee,Jacobowits,jjacobowits2h@studiopress.com,Buzzbean,Executive Secretary,Belarussian State Medical University
91,Lind,Robel,lrobel2i@paypal.com,Quire,Financial Advisor,Sahmyook University
92,Glyn,Oldford,goldford2j@ft.com,Teklist,Safety Technician I,"Instituto de Artes Visuais, Design e Marketing - IADE"
93,Mattie,Cardenoza,mcardenoza2k@blogspot.com,Avaveo,Account Representative I,University of Petroleum (East China)
94,Mirelle,Vaskov,mvaskov2l@globo.com,Realbuzz,Design Engineer,Mendeleev Russian University of Chemical Technology
95,Katine,Peirce,kpeirce2m@hostgator.com,Kamba,Associate Professor,"Khalifa University of Science, Technology and Research"
96,Janella,Goede,jgoede2n@biglobe.ne.jp,Skaboo,Account Representative IV,Nortre Dame Seishin University
97,Philly,Plank,pplank2o@opera.com,Browseblab,Accounting Assistant IV,"Evangelische Fachhochschule für Religionspädagogik, und Gemeindediakonie Moritzburg"
98,Adria,Crummay,acrummay2p@over-blog.com,Yodel,Accounting Assistant IV,University of Wassit
99,Chloris,Goodridge,cgoodridge2q@yahoo.com,Mynte,Help Desk Technician,"Rasmussen College, Illinois Campuses"
100,Alvan,Irnis,airnis2r@pagesperso-orange.fr,Lazz,Operator,National Hualien Teachers College
